template,quality,index,slug,rawAlpha,transparentFrac,partialFrac,cornerMaxAlpha,borderTouchFrac,bboxW,bboxH,centerDX,centerDY,lightEdgeFrac,alphaOK,framingOK,stickerEdge,stickerBytes,stickerAlpha
v1,high,01,grumpy-cat,true,0.410,0.021,1,0.000,0.79,0.98,0.040,0.004,0.000,true,true,618,391955,true
v1,high,02,grandma-laughing,true,0.461,0.013,0,0.002,0.69,1.00,0.003,0.000,0.001,true,false,618,376506,true
v1,high,03,taco,true,0.467,0.013,1,0.000,0.95,0.71,0.000,0.005,0.000,true,true,618,357841,true
v1,high,04,rocket,true,0.655,0.011,0,0.000,0.62,0.96,-0.002,-0.001,0.000,true,true,618,255057,true
v1,high,05,brain-freeze,true,0.422,0.022,0,0.000,0.87,0.90,0.001,0.001,0.000,true,true,618,418571,true
v1,high,06,monday-mood,true,0.375,0.013,0,0.000,0.85,0.97,0.027,0.006,0.000,true,true,618,416374,true
v1,high,07,happy-birthday,true,0.446,0.021,0,0.000,0.79,0.95,-0.000,0.000,0.000,true,true,618,404438,true
v1,high,08,thank-you,true,0.440,0.011,0,0.000,0.79,0.93,-0.007,0.002,0.000,true,true,618,334177,true
v1,high,09,fluffy-dog,true,0.356,0.015,0,0.000,0.85,0.98,0.050,0.002,0.000,true,true,618,446200,true
v1,high,10,curly-hair-girl,true,0.262,0.016,0,0.000,0.97,0.96,0.001,0.004,0.139,true,true,618,468766,true
v1,high,11,two-penguins-hugging,true,0.379,0.013,0,0.000,0.83,0.94,0.005,-0.002,0.000,true,true,618,383147,true
v1,high,12,a,true,0.450,0.014,0,0.000,0.79,0.98,0.005,0.001,0.000,true,true,618,381237,true
v1,high,13,long-200,true,0.518,0.029,0,0.000,0.87,0.98,0.018,-0.003,0.053,true,true,618,438196,true
v1,high,14,frog-coffee-emoji,true,0.347,0.015,0,0.000,0.82,0.92,0.001,0.006,0.116,true,true,618,423957,true
v1,high,15,dads-burnt-pancakes,true,0.300,0.012,0,0.000,0.88,0.91,0.001,0.016,0.000,true,true,560,479559,true
v1,high,16,dog-stealing-socks,true,0.519,0.017,0,0.000,0.73,0.96,-0.024,0.003,0.000,true,true,618,364900,true
v1,high,17,grandpas-fishing-hat,true,0.530,0.014,0,0.000,0.96,0.88,0.000,0.026,0.000,true,true,618,312107,true
v1,high,18,pizza-slice,true,0.533,0.011,0,0.000,0.81,0.95,0.008,-0.002,0.000,true,true,618,336530,true
v1,high,19,sleepy-sloth,true,0.392,0.010,0,0.000,0.80,0.95,-0.000,0.000,0.000,true,true,618,375920,true
v1,high,20,thumbs-up,true,0.426,0.010,0,0.000,0.86,0.91,-0.001,0.002,0.000,true,true,618,353415,true
v1,low,01,grumpy-cat,true,0.382,0.018,0,0.000,0.81,0.98,0.035,0.000,0.000,true,true,618,404772,true
v1,low,02,grandma-laughing,true,0.399,0.014,0,0.000,0.79,0.99,-0.011,0.001,0.002,true,true,618,414742,true
v1,low,03,taco,true,0.419,0.012,0,0.000,0.98,0.75,0.000,0.000,0.000,true,true,618,364794,true
v1,low,04,rocket,true,0.608,0.012,0,0.000,0.70,0.98,0.000,0.000,0.000,true,true,618,267131,true
v1,low,05,brain-freeze,true,0.402,0.019,0,0.000,0.88,0.97,0.000,-0.000,0.000,true,true,618,408338,true
v1,low,06,monday-mood,true,0.399,0.013,0,0.000,0.98,0.93,0.003,-0.005,0.000,true,true,618,393531,true
v1,low,07,happy-birthday,true,0.347,0.023,0,0.000,0.88,0.98,-0.000,0.000,0.011,true,true,618,437976,true
v1,low,08,thank-you,true,0.384,0.012,0,0.000,0.77,0.96,-0.002,-0.003,0.034,true,true,618,369282,true
v1,low,09,fluffy-dog,true,0.350,0.014,0,0.004,0.83,1.00,0.025,0.001,0.000,true,false,618,428441,true
v1,low,10,curly-hair-girl,true,0.278,0.021,0,0.000,0.96,0.97,-0.001,0.002,0.078,true,true,618,462305,true
v1,low,11,two-penguins-hugging,true,0.333,0.012,0,0.000,0.84,0.96,0.006,0.001,0.000,true,true,618,403484,true
v1,low,12,a,true,0.406,0.026,0,0.000,0.94,0.96,0.000,-0.001,0.000,true,true,618,395977,true
v1,low,13,long-200,true,0.516,0.038,0,0.000,0.83,0.97,0.048,0.000,0.024,true,true,618,462068,true
v1,low,14,frog-coffee-emoji,true,0.337,0.016,0,0.000,0.87,0.91,-0.002,0.005,0.156,true,true,618,408993,true
v1,low,15,dads-burnt-pancakes,true,0.255,0.011,1,0.000,0.95,0.92,0.000,0.002,0.000,true,true,560,487771,true
v1,low,16,dog-stealing-socks,true,0.533,0.014,0,0.000,0.74,0.98,0.014,0.000,0.000,true,true,618,345591,true
v1,low,17,grandpas-fishing-hat,true,0.424,0.012,0,0.000,0.97,0.81,-0.000,0.003,0.000,true,true,618,364353,true
v1,low,18,pizza-slice,true,0.505,0.010,0,0.000,0.85,0.97,0.000,-0.002,0.000,true,true,618,321514,true
v1,low,19,sleepy-sloth,true,0.370,0.012,0,0.000,0.86,0.98,0.000,-0.004,0.000,true,true,618,384097,true
v1,low,20,thumbs-up,true,0.498,0.011,0,0.000,0.79,0.95,0.001,-0.007,0.000,true,true,618,309944,true
v1,medium,01,grumpy-cat,true,0.421,0.017,0,0.000,0.77,0.96,-0.001,0.003,0.039,true,true,618,379559,true
v1,medium,02,grandma-laughing,true,0.457,0.012,0,0.011,0.71,1.00,-0.002,0.000,0.019,true,false,618,367152,true
v1,medium,03,taco,true,0.428,0.013,0,0.000,0.97,0.73,-0.000,0.003,0.000,true,true,618,361773,true
v1,medium,04,rocket,true,0.596,0.012,0,0.000,0.71,0.99,-0.001,-0.001,0.000,true,true,618,280322,true
v1,medium,05,brain-freeze,true,0.411,0.019,1,0.000,0.91,0.86,0.000,0.000,0.000,true,true,618,410305,true
v1,medium,06,monday-mood,true,0.359,0.012,0,0.000,0.86,0.98,0.034,-0.003,0.000,true,true,618,437586,true
v1,medium,07,happy-birthday,true,0.386,0.024,0,0.000,0.85,0.97,0.000,0.000,0.153,true,true,618,423497,true
v1,medium,08,thank-you,true,0.415,0.009,0,0.000,0.77,0.93,-0.005,0.000,0.000,true,true,618,349507,true
v1,medium,09,fluffy-dog,true,0.353,0.015,0,0.000,0.87,0.98,0.041,0.000,0.000,true,true,618,431348,true
v1,medium,10,curly-hair-girl,true,0.294,0.015,0,0.000,0.94,0.97,-0.001,0.004,0.098,true,true,618,463167,true
v1,medium,11,two-penguins-hugging,true,0.360,0.012,0,0.000,0.89,0.94,-0.004,0.000,0.000,true,true,618,383861,true
v1,medium,12,a,true,0.428,0.015,0,0.000,0.82,0.98,-0.011,0.000,0.000,true,true,618,386053,true
v1,medium,13,long-200,true,0.546,0.030,1,0.000,0.79,0.97,0.077,-0.002,0.072,true,true,618,415505,true
v1,medium,14,frog-coffee-emoji,true,0.362,0.016,1,0.000,0.87,0.88,-0.000,0.017,0.162,true,true,618,403098,true
v1,medium,15,dads-burnt-pancakes,true,0.330,0.011,0,0.000,0.88,0.91,0.002,0.010,0.000,true,true,560,471924,true
v1,medium,16,dog-stealing-socks,true,0.487,0.017,0,0.000,0.80,0.96,0.002,0.003,0.000,true,true,618,368899,true
v1,medium,17,grandpas-fishing-hat,true,0.440,0.011,0,0.000,0.99,0.79,0.000,-0.007,0.000,true,true,618,375655,true
v1,medium,18,pizza-slice,true,0.516,0.010,0,0.000,0.82,0.95,0.000,-0.002,0.000,true,true,618,318990,true
v1,medium,19,sleepy-sloth,true,0.352,0.010,0,0.000,0.94,0.91,-0.000,0.004,0.000,true,true,618,388827,true
v1,medium,20,thumbs-up,true,0.509,0.008,0,0.000,0.79,0.94,0.008,-0.002,0.000,true,true,618,306790,true
