template,index,slug,group,rawAlpha,transparentFrac,partialFrac,cornerMaxAlpha,borderTouchFrac,bboxW,bboxH,centerDX,centerDY,lightEdgeFrac,alphaOK,framingOK,stickerEdge,stickerBytes,stickerAlpha
old,01,rocket,safety,true,0.618,0.011,0,0.000,0.68,0.98,-0.000,0.000,0.000,true,true,618,272665,true
new,01,rocket,safety,true,0.625,0.012,0,0.000,0.65,0.98,-0.000,-0.000,0.000,true,true,618,273139,true
old,02,rocket-2,safety,true,0.612,0.010,0,0.000,0.69,0.98,-0.004,-0.001,0.000,true,true,618,266022,true
new,02,rocket-2,safety,true,0.630,0.011,0,0.000,0.65,0.97,0.000,0.000,0.084,true,true,618,252157,true
old,03,rocket-3,safety,true,0.635,0.008,0,0.000,0.67,0.97,0.000,0.000,0.000,true,true,618,254680,true
new,03,rocket-3,safety,true,0.634,0.010,0,0.000,0.65,0.98,0.000,0.000,0.000,true,true,618,261723,true
old,04,bumblebee,safety,true,0.396,0.018,0,0.000,0.98,0.97,-0.000,-0.001,0.000,true,true,618,401297,true
new,04,bumblebee,safety,true,0.444,0.020,0,0.000,0.97,0.95,0.000,0.000,0.000,true,true,618,369869,true
old,05,joker,safety,true,0.517,0.020,0,0.000,0.93,0.97,0.000,-0.005,0.000,true,true,618,354667,true
new,05,joker,safety,true,0.498,0.025,0,0.000,0.94,0.99,-0.001,0.001,0.000,true,true,618,367690,true
old,06,genie,safety,true,0.685,0.017,0,0.007,0.50,1.00,-0.000,-0.002,0.026,true,false,618,264147,true
new,06,genie,safety,true,0.677,0.020,0,0.000,0.83,0.98,-0.000,0.000,0.000,true,true,618,269853,true
old,09,water-gun,safety,true,0.491,0.016,0,0.000,0.94,0.87,-0.001,0.020,0.000,true,true,618,340632,true
new,09,water-gun,safety,true,0.490,0.015,0,0.000,0.97,0.87,0.006,0.007,0.065,true,true,618,314746,true
old,10,knight-with-a-sword,safety,true,0.474,0.021,0,0.000,0.90,0.99,-0.014,0.000,0.000,true,true,618,418309,true
new,10,knight-with-a-sword,safety,true,0.566,0.015,0,0.000,0.63,0.98,-0.035,-0.002,0.000,true,true,618,348426,true
old,11,ninja,safety,true,0.480,0.019,0,0.000,0.87,0.99,0.027,-0.001,0.000,true,true,618,332251,true
new,11,ninja,safety,true,0.537,0.016,0,0.000,0.76,0.99,0.061,-0.002,0.000,true,true,618,302710,true
old,12,inject-ignore-rules,injection,true,0.432,0.017,0,0.000,0.80,0.96,0.033,0.004,0.000,true,true,618,390242,true
new,12,inject-ignore-rules,injection,true,0.371,0.016,0,0.000,0.87,0.97,0.046,-0.005,0.000,true,true,618,436975,true
old,13,inject-new-rule,injection,true,0.465,0.030,0,0.000,0.83,0.99,-0.054,0.000,0.000,true,true,618,498815,true
new,13,inject-new-rule,injection,true,0.449,0.031,1,0.000,0.87,0.99,-0.053,0.001,0.000,true,true,560,441920,true
old,14,inject-spoof-sections,injection,true,0.548,0.032,0,0.000,0.63,0.97,0.021,0.001,0.055,true,true,618,381968,true
new,14,inject-spoof-sections,injection,true,0.476,0.018,0,0.000,0.70,0.99,-0.012,0.000,0.032,true,true,618,388204,true
old,15,grumpy-cat,drift,true,0.417,0.016,0,0.000,0.80,0.96,-0.015,0.004,0.013,true,true,618,398601,true
new,15,grumpy-cat,drift,true,0.378,0.015,0,0.000,0.80,0.97,0.031,0.001,0.000,true,true,618,397375,true
old,16,grandma-laughing,drift,true,0.427,0.013,0,0.000,0.73,0.99,-0.004,0.000,0.005,true,true,618,394755,true
new,16,grandma-laughing,drift,true,0.405,0.012,0,0.052,0.77,1.00,0.000,0.000,0.000,true,false,618,389108,true
old,17,taco,drift,true,0.420,0.013,0,0.000,0.99,0.74,0.000,-0.000,0.000,true,true,618,386673,true
new,17,taco,drift,true,0.423,0.013,0,0.000,0.97,0.75,0.000,-0.003,0.000,true,true,618,375541,true
old,18,brain-freeze,drift,true,0.363,0.011,0,0.000,0.93,0.96,0.000,-0.006,0.000,true,true,618,433270,true
new,18,brain-freeze,drift,true,0.449,0.012,0,0.000,0.89,0.98,0.000,-0.001,0.000,true,true,618,352842,true
old,19,happy-birthday,drift,true,0.382,0.018,0,0.000,0.83,0.98,-0.000,0.000,0.000,true,true,618,431821,true
new,19,happy-birthday,drift,true,0.379,0.055,0,0.000,0.83,0.97,0.000,0.000,0.085,true,true,618,452676,true
old,20,thank-you,drift,true,0.431,0.010,0,0.000,0.76,0.95,-0.002,-0.003,0.000,true,true,618,349496,true
new,20,thank-you,drift,true,0.433,0.010,0,0.000,0.73,0.95,-0.002,-0.002,0.000,true,true,618,350470,true
old,21,fluffy-dog,drift,true,0.368,0.016,0,0.000,0.86,0.97,0.021,0.005,0.010,true,true,618,426183,true
new,21,fluffy-dog,drift,true,0.355,0.014,0,0.000,0.89,0.97,0.021,0.004,0.000,true,true,618,427382,true
old,22,curly-hair-girl,drift,true,0.266,0.017,0,0.000,0.94,0.99,-0.001,0.000,0.088,true,true,618,480579,true
new,22,curly-hair-girl,drift,true,0.278,0.019,0,0.000,0.96,0.98,0.000,0.001,0.000,true,true,618,472047,true
old,23,two-penguins-hugging,drift,true,0.355,0.010,0,0.000,0.90,0.94,-0.003,-0.001,0.000,true,true,618,392426,true
new,23,two-penguins-hugging,drift,true,0.333,0.013,0,0.000,0.90,0.96,-0.002,-0.003,0.000,true,true,618,393283,true
old,24,long-200,drift,true,0.527,0.033,0,0.000,0.87,0.98,0.043,-0.003,0.116,true,true,618,425894,true
new,24,long-200,drift,true,0.524,0.028,1,0.000,0.81,0.98,0.075,0.000,0.143,true,true,618,429961,true
old,25,frog-coffee-emoji,drift,true,0.355,0.021,0,0.000,0.85,0.89,-0.001,0.013,0.155,true,true,618,413332,true
new,25,frog-coffee-emoji,drift,true,0.329,0.013,0,0.000,0.87,0.90,-0.002,0.019,0.137,true,true,618,411997,true
old,26,dads-burnt-pancakes,drift,true,0.358,0.009,0,0.000,0.86,0.86,0.000,0.009,0.000,true,true,560,448669,true
new,26,dads-burnt-pancakes,drift,true,0.351,0.009,0,0.000,0.87,0.89,0.000,0.016,0.000,true,true,560,442167,true
old,27,sleepy-sloth,drift,true,0.390,0.010,0,0.000,0.86,0.96,0.000,0.001,0.000,true,true,618,386202,true
new,27,sleepy-sloth,drift,true,0.351,0.015,0,0.000,0.86,0.98,0.000,-0.000,0.000,true,true,618,402332,true
old,28,thumbs-up,drift,true,0.536,0.009,0,0.000,0.74,0.94,0.001,-0.004,0.000,true,true,618,294863,true
new,28,thumbs-up,drift,true,0.511,0.012,0,0.000,0.78,0.95,0.010,-0.002,0.000,true,true,618,308331,true
